CREATE TABLE IF NOT EXISTS "app1_appointment" ("id" integer NOT NULL PRIMARY KEY AUTOINCREMENT, "PatientName" varchar(40) NULL, "Emailaddress" varchar(254) NOT NULL, "Gender" varchar(100) NOT NULL, "Department" varchar(100) NOT NULL, "Date" date NOT NULL, "Time" time NOT NULL, "Patientmobile" varchar(20) NULL, "AppointmentDate" date NOT NULL, "Symptoms" varchar(100) NULL, "Description" text NOT NULL, "Doctor_id_id" varchar(5) NOT NULL REFERENCES "app1_doctor" ("Doctor_id") DEFERRABLE INITIALLY DEFERRED, "Patient_id_id" varchar(6) NOT NULL REFERENCES "app1_patient" ("Patient_id") DEFERRABLE INITIALLY DEFERRED);
INSERT INTO "app1_appointment" VALUES(3,'subham','saisubham2701@gmail.com','Male','Cardiologist','2023-11-05','10:00:00','07894212530','2023-11-15','fever','fever is a temporary rise in body temperature. It''s one part of an overall response from the body''s immune system. A fever is usually caused by an infection.','ce7cf','35351');
INSERT INTO "app1_appointment" VALUES(4,'subham','saisubham2701@gmail.com','Male','Cardiologist','2023-11-05','09:30:00','07894212530','2023-11-22','diabetes','diabetes is mostly a genetic disorder where antibodies against insulin destroy insulin, leading to excess blood sugar levels. It is mostly a disease seen in childhood.','af57b','35351');
INSERT INTO "app1_appointment" VALUES(5,'Monika Sahoo','monikasahoo@gmail.com','Male','Cardiologist','2023-11-05','11:30:00','09938564667','2023-11-22','fever','fever is a temporary rise in body temperature. It''s one part of an overall response from the body''s immune system. A fever is usually caused by an infection.','ce7cf','35351');
INSERT INTO "app1_appointment" VALUES(6,'Rajesh Das','kumar.tusharpanda@gmail.com','Male','Cardiologist','2023-11-07','09:00:00','758456512','2023-11-15','fever','fever is a temporary rise in body temperature. It''s one part of an overall response from the body''s immune system. A fever is usually caused by an infection.','ce7cf','803bb');
CREATE UNIQUE INDEX "auth_group_permissions_group_id_permission_id_0cd325b0_uniq" ON "auth_group_permissions" ("group_id", "permission_id");
CREATE INDEX IF NOT EXISTS "auth_group_permissions_group_id_b120cbf9" ON "auth_group_permissions" ("group_id");
CREATE INDEX IF NOT EXISTS "auth_group_permissions_permission_id_84c5c92e" ON "auth_group_permissions" ("permission_id");
CREATE UNIQUE INDEX "auth_user_groups_user_id_group_id_94350c0c_uniq" ON "auth_user_groups" ("user_id", "group_id");
CREATE INDEX IF NOT EXISTS "auth_user_groups_user_id_6a12ed8b" ON "auth_user_groups" ("user_id");
CREATE INDEX IF NOT EXISTS "auth_user_groups_group_id_97559544" ON "auth_user_groups" ("group_id");
CREATE UNIQUE INDEX "auth_user_user_permissions_user_id_permission_id_14a6b632_uniq" ON "auth_user_user_permissions" ("user_id", "permission_id");
CREATE INDEX IF NOT EXISTS "auth_user_user_permissions_user_id_a95ead1b" ON "auth_user_user_permissions" ("user_id");
CREATE INDEX IF NOT EXISTS "auth_user_user_permissions_permission_id_1fbb5f2c" ON "auth_user_user_permissions" ("permission_id");
CREATE INDEX IF NOT EXISTS "django_admin_log_content_type_id_c4bce8eb" ON "django_admin_log" ("content_type_id");
CREATE INDEX IF NOT EXISTS "django_admin_log_user_id_c564eba6" ON "django_admin_log" ("user_id");
CREATE UNIQUE INDEX "django_content_type_app_label_model_76bd3d3b_uniq" ON "django_content_type" ("app_label", "model");
CREATE UNIQUE INDEX "auth_permission_content_type_id_codename_01ab375a_uniq" ON "auth_permission" ("content_type_id", "codename");
CREATE INDEX IF NOT EXISTS "auth_permission_content_type_id_2f476e4b" ON "auth_permission" ("content_type_id");
CREATE INDEX IF NOT EXISTS "django_session_expire_date_a5c62663" ON "django_session" ("expire_date");
CREATE INDEX IF NOT EXISTS "app1_prescriptins_Doctor_id_id_40e36d9c" ON "app1_prescriptins" ("Doctor_id_id");
CREATE INDEX IF NOT EXISTS "app1_prescriptins_Patient_id_id_32dc9114" ON "app1_prescriptins" ("Patient_id_id");
CREATE INDEX IF NOT EXISTS "app1_diagnosis_Doctor_id_id_c804f6a8" ON "app1_diagnosis" ("Doctor_id_id");
CREATE INDEX IF NOT EXISTS "app1_diagnosis_Patient_id_id_f95da603" ON "app1_diagnosis" ("Patient_id_id");
CREATE INDEX IF NOT EXISTS "app1_booking_Doctor_id_id_2a5e2532" ON "app1_booking" ("Doctor_id_id");
CREATE INDEX IF NOT EXISTS "app1_booking_Patient_id_id_3073cd7d" ON "app1_booking" ("Patient_id_id");
CREATE INDEX IF NOT EXISTS "app1_appointment_Doctor_id_id_4309c0ba" ON "app1_appointment" ("Doctor_id_id");
CREATE INDEX IF NOT EXISTS "app1_appointment_Patient_id_id_0e4e6de6" ON "app1_appointment" ("Patient_id_id");
CREATE TABLE IF NOT EXISTS "app1_booking" ("id" integer NOT NULL PRIMARY KEY AUTOINCREMENT, "PatientName" varchar(40) NULL, "DoctorName" varchar(40) NULL, "Emailaddress" varchar(254) NOT NULL, "Gender" varchar(100) NOT NULL, "Department" varchar(100) NOT NULL, "Date" date NOT NULL, "Time" time NOT NULL, "Patientmobile" varchar(20) NULL, "AppointmentDate" date NOT NULL, "Symptoms" varchar(100) NULL, "Description" text NOT NULL, "Doctor_id_id" varchar(5) NOT NULL REFERENCES "app1_doctor" ("Doctor_id") DEFERRABLE INITIALLY DEFERRED, "Patient_id_id" varchar(6) NOT NULL REFERENCES "app1_patient" ("Patient_id") DEFERRABLE INITIALLY DEFERRED);
CREATE UNIQUE INDEX "auth_group_permissions_group_id_permission_id_0cd325b0_uniq" ON "auth_group_permissions" ("group_id", "permission_id");
CREATE INDEX IF NOT EXISTS "auth_group_permissions_group_id_b120cbf9" ON "auth_group_permissions" ("group_id");
CREATE INDEX IF NOT EXISTS "auth_group_permissions_permission_id_84c5c92e" ON "auth_group_permissions" ("permission_id");
CREATE UNIQUE INDEX "auth_user_groups_user_id_group_id_94350c0c_uniq" ON "auth_user_groups" ("user_id", "group_id");
CREATE INDEX IF NOT EXISTS "auth_user_groups_user_id_6a12ed8b" ON "auth_user_groups" ("user_id");
CREATE INDEX IF NOT EXISTS "auth_user_groups_group_id_97559544" ON "auth_user_groups" ("group_id");
CREATE UNIQUE INDEX "auth_user_user_permissions_user_id_permission_id_14a6b632_uniq" ON "auth_user_user_permissions" ("user_id", "permission_id");
CREATE INDEX IF NOT EXISTS "auth_user_user_permissions_user_id_a95ead1b" ON "auth_user_user_permissions" ("user_id");
CREATE INDEX IF NOT EXISTS "auth_user_user_permissions_permission_id_1fbb5f2c" ON "auth_user_user_permissions" ("permission_id");
CREATE INDEX IF NOT EXISTS "django_admin_log_content_type_id_c4bce8eb" ON "django_admin_log" ("content_type_id");
CREATE INDEX IF NOT EXISTS "django_admin_log_user_id_c564eba6" ON "django_admin_log" ("user_id");
CREATE UNIQUE INDEX "django_content_type_app_label_model_76bd3d3b_uniq" ON "django_content_type" ("app_label", "model");
CREATE UNIQUE INDEX "auth_permission_content_type_id_codename_01ab375a_uniq" ON "auth_permission" ("content_type_id", "codename");
CREATE INDEX IF NOT EXISTS "auth_permission_content_type_id_2f476e4b" ON "auth_permission" ("content_type_id");
CREATE INDEX IF NOT EXISTS "django_session_expire_date_a5c62663" ON "django_session" ("expire_date");
CREATE INDEX IF NOT EXISTS "app1_prescriptins_Doctor_id_id_40e36d9c" ON "app1_prescriptins" ("Doctor_id_id");
CREATE INDEX IF NOT EXISTS "app1_prescriptins_Patient_id_id_32dc9114" ON "app1_prescriptins" ("Patient_id_id");
CREATE INDEX IF NOT EXISTS "app1_diagnosis_Doctor_id_id_c804f6a8" ON "app1_diagnosis" ("Doctor_id_id");
CREATE INDEX IF NOT EXISTS "app1_diagnosis_Patient_id_id_f95da603" ON "app1_diagnosis" ("Patient_id_id");
CREATE INDEX IF NOT EXISTS "app1_booking_Doctor_id_id_2a5e2532" ON "app1_booking" ("Doctor_id_id");
CREATE INDEX IF NOT EXISTS "app1_booking_Patient_id_id_3073cd7d" ON "app1_booking" ("Patient_id_id");
CREATE INDEX IF NOT EXISTS "app1_appointment_Doctor_id_id_4309c0ba" ON "app1_appointment" ("Doctor_id_id");
CREATE INDEX IF NOT EXISTS "app1_appointment_Patient_id_id_0e4e6de6" ON "app1_appointment" ("Patient_id_id");
CREATE TABLE IF NOT EXISTS "app1_diagnosis" ("id" integer NOT NULL PRIMARY KEY AUTOINCREMENT, "PatientName" varchar(40) NULL, "DoctorName" varchar(40) NULL, "PatientGender" varchar(100) NOT NULL, "DOB" date NOT NULL, "Phoneno" varchar(10) NOT NULL, "Emailaddress" varchar(254) NOT NULL, "Neurological" varchar(100) NOT NULL, "Pychological" varchar(100) NOT NULL, "Other" varchar(100) NOT NULL, "Diagnosis" text NOT NULL, "Doctor_id_id" varchar(5) NOT NULL REFERENCES "app1_doctor" ("Doctor_id") DEFERRABLE INITIALLY DEFERRED, "Patient_id_id" varchar(6) NOT NULL REFERENCES "app1_patient" ("Patient_id") DEFERRABLE INITIALLY DEFERRED);
INSERT INTO "app1_diagnosis" VALUES(1,'subham','naman das','Male','2023-11-07','7894212530','saisubham2701@gmail.com','Yes','Yes','Yes','1 diabetes symptoms often start suddenly and are often the reason for checking blood sugar levels. Because symptoms of other types of diabetes and prediabetes come on more gradually or may not be easy to see, the American Diabetes Association (ADA) has developed screening guidelines.','ce7cf','35351');
INSERT INTO "app1_diagnosis" VALUES(2,'subham','naman das','Male','2023-11-15','7894212530','saisubham2701@gmail.com','No','No','No','diabetes symptoms often start suddenly and are often the reason for checking blood sugar levels. Because symptoms of other types of diabetes and prediabetes come on more gradually or may not be easy to see, the American Diabetes Association (ADA) has developed screening guidelines.','af57b','35351');
INSERT INTO "app1_diagnosis" VALUES(3,'Rajesh Das','DR.Y.T rajesh','Male','2023-11-07','7894267830','kumar.tusharpanda@gmail.com','Yes','Yes','Yes','diabetes symptoms often start suddenly and are often the reason for checking blood sugar levels. Because symptoms of other types of diabetes and prediabetes come on more gradually or may not be easy to see, the American Diabetes Association (ADA) has developed screening guidelines.','ce7cf','803bb');
CREATE UNIQUE INDEX "auth_group_permissions_group_id_permission_id_0cd325b0_uniq" ON "auth_group_permissions" ("group_id", "permission_id");
CREATE INDEX IF NOT EXISTS "auth_group_permissions_group_id_b120cbf9" ON "auth_group_permissions" ("group_id");
CREATE INDEX IF NOT EXISTS "auth_group_permissions_permission_id_84c5c92e" ON "auth_group_permissions" ("permission_id");
CREATE UNIQUE INDEX "auth_user_groups_user_id_group_id_94350c0c_uniq" ON "auth_user_groups" ("user_id", "group_id");
CREATE INDEX IF NOT EXISTS "auth_user_groups_user_id_6a12ed8b" ON "auth_user_groups" ("user_id");
CREATE INDEX IF NOT EXISTS "auth_user_groups_group_id_97559544" ON "auth_user_groups" ("group_id");
CREATE UNIQUE INDEX "auth_user_user_permissions_user_id_permission_id_14a6b632_uniq" ON "auth_user_user_permissions" ("user_id", "permission_id");
CREATE INDEX IF NOT EXISTS "auth_user_user_permissions_user_id_a95ead1b" ON "auth_user_user_permissions" ("user_id");
CREATE INDEX IF NOT EXISTS "auth_user_user_permissions_permission_id_1fbb5f2c" ON "auth_user_user_permissions" ("permission_id");
CREATE INDEX IF NOT EXISTS "django_admin_log_content_type_id_c4bce8eb" ON "django_admin_log" ("content_type_id");
CREATE INDEX IF NOT EXISTS "django_admin_log_user_id_c564eba6" ON "django_admin_log" ("user_id");
CREATE UNIQUE INDEX "django_content_type_app_label_model_76bd3d3b_uniq" ON "django_content_type" ("app_label", "model");
CREATE UNIQUE INDEX "auth_permission_content_type_id_codename_01ab375a_uniq" ON "auth_permission" ("content_type_id", "codename");
CREATE INDEX IF NOT EXISTS "auth_permission_content_type_id_2f476e4b" ON "auth_permission" ("content_type_id");
CREATE INDEX IF NOT EXISTS "django_session_expire_date_a5c62663" ON "django_session" ("expire_date");
CREATE INDEX IF NOT EXISTS "app1_prescriptins_Doctor_id_id_40e36d9c" ON "app1_prescriptins" ("Doctor_id_id");
CREATE INDEX IF NOT EXISTS "app1_prescriptins_Patient_id_id_32dc9114" ON "app1_prescriptins" ("Patient_id_id");
CREATE INDEX IF NOT EXISTS "app1_diagnosis_Doctor_id_id_c804f6a8" ON "app1_diagnosis" ("Doctor_id_id");
CREATE INDEX IF NOT EXISTS "app1_diagnosis_Patient_id_id_f95da603" ON "app1_diagnosis" ("Patient_id_id");
CREATE INDEX IF NOT EXISTS "app1_booking_Doctor_id_id_2a5e2532" ON "app1_booking" ("Doctor_id_id");
CREATE INDEX IF NOT EXISTS "app1_booking_Patient_id_id_3073cd7d" ON "app1_booking" ("Patient_id_id");
CREATE INDEX IF NOT EXISTS "app1_appointment_Doctor_id_id_4309c0ba" ON "app1_appointment" ("Doctor_id_id");
CREATE INDEX IF NOT EXISTS "app1_appointment_Patient_id_id_0e4e6de6" ON "app1_appointment" ("Patient_id_id");
CREATE TABLE IF NOT EXISTS "app1_doctor" ("Doctor_id" varchar(5) NOT NULL PRIMARY KEY, "username" varchar(100) NOT NULL, "Gender" varchar(50) NOT NULL, "Profile_pic" varchar(100) NULL, "Address" varchar(40) NOT NULL, "Mobile" varchar(20) NULL, "Department" varchar(50) NOT NULL, "Status" bool NOT NULL, "Document" varchar(100) NOT NULL);
INSERT INTO "app1_doctor" VALUES('ce7cf','','Male','profile_pic/PatientProfilePic/Staff_kA9Ntmv.png','Bangalore Whitefield','08545512215','Cardiologist',1,'file_14.pdf');
INSERT INTO "app1_doctor" VALUES('af57b','','Male','profile_pic/PatientProfilePic/Staff_Dn2eBMY.png','Bangalore Whitefield','09938564667','Dermatologists',1,'file_15_O7DBoHY.pdf');
CREATE UNIQUE INDEX "auth_group_permissions_group_id_permission_id_0cd325b0_uniq" ON "auth_group_permissions" ("group_id", "permission_id");
CREATE INDEX IF NOT EXISTS "auth_group_permissions_group_id_b120cbf9" ON "auth_group_permissions" ("group_id");
CREATE INDEX IF NOT EXISTS "auth_group_permissions_permission_id_84c5c92e" ON "auth_group_permissions" ("permission_id");
CREATE UNIQUE INDEX "auth_user_groups_user_id_group_id_94350c0c_uniq" ON "auth_user_groups" ("user_id", "group_id");
CREATE INDEX IF NOT EXISTS "auth_user_groups_user_id_6a12ed8b" ON "auth_user_groups" ("user_id");
CREATE INDEX IF NOT EXISTS "auth_user_groups_group_id_97559544" ON "auth_user_groups" ("group_id");
CREATE UNIQUE INDEX "auth_user_user_permissions_user_id_permission_id_14a6b632_uniq" ON "auth_user_user_permissions" ("user_id", "permission_id");
CREATE INDEX IF NOT EXISTS "auth_user_user_permissions_user_id_a95ead1b" ON "auth_user_user_permissions" ("user_id");
CREATE INDEX IF NOT EXISTS "auth_user_user_permissions_permission_id_1fbb5f2c" ON "auth_user_user_permissions" ("permission_id");
CREATE INDEX IF NOT EXISTS "django_admin_log_content_type_id_c4bce8eb" ON "django_admin_log" ("content_type_id");
CREATE INDEX IF NOT EXISTS "django_admin_log_user_id_c564eba6" ON "django_admin_log" ("user_id");
CREATE UNIQUE INDEX "django_content_type_app_label_model_76bd3d3b_uniq" ON "django_content_type" ("app_label", "model");
CREATE UNIQUE INDEX "auth_permission_content_type_id_codename_01ab375a_uniq" ON "auth_permission" ("content_type_id", "codename");
CREATE INDEX IF NOT EXISTS "auth_permission_content_type_id_2f476e4b" ON "auth_permission" ("content_type_id");
CREATE INDEX IF NOT EXISTS "django_session_expire_date_a5c62663" ON "django_session" ("expire_date");
CREATE INDEX IF NOT EXISTS "app1_prescriptins_Doctor_id_id_40e36d9c" ON "app1_prescriptins" ("Doctor_id_id");
CREATE INDEX IF NOT EXISTS "app1_prescriptins_Patient_id_id_32dc9114" ON "app1_prescriptins" ("Patient_id_id");
CREATE INDEX IF NOT EXISTS "app1_diagnosis_Doctor_id_id_c804f6a8" ON "app1_diagnosis" ("Doctor_id_id");
CREATE INDEX IF NOT EXISTS "app1_diagnosis_Patient_id_id_f95da603" ON "app1_diagnosis" ("Patient_id_id");
CREATE INDEX IF NOT EXISTS "app1_booking_Doctor_id_id_2a5e2532" ON "app1_booking" ("Doctor_id_id");
CREATE INDEX IF NOT EXISTS "app1_booking_Patient_id_id_3073cd7d" ON "app1_booking" ("Patient_id_id");
CREATE INDEX IF NOT EXISTS "app1_appointment_Doctor_id_id_4309c0ba" ON "app1_appointment" ("Doctor_id_id");
CREATE INDEX IF NOT EXISTS "app1_appointment_Patient_id_id_0e4e6de6" ON "app1_appointment" ("Patient_id_id");
CREATE TABLE IF NOT EXISTS "app1_patient" ("Patient_id" varchar(6) NOT NULL PRIMARY KEY, "username" varchar(100) NOT NULL, "Gender" varchar(50) NOT NULL, "Profile_pic" varchar(100) NULL, "Address" varchar(40) NOT NULL, "Mobile" varchar(20) NULL, "Status" bool NOT NULL);
INSERT INTO "app1_patient" VALUES('35351','','Male','profile_pic/PatientProfilePic/hospital-vector-logo_sKdHUsG.png','hdhqq','7894268558',0);
INSERT INTO "app1_patient" VALUES('803bb','','Male','profile_pic/PatientProfilePic/Hospital_Management_System_earo9N0.jpg','hdhqq','758456512',0);
CREATE UNIQUE INDEX "auth_group_permissions_group_id_permission_id_0cd325b0_uniq" ON "auth_group_permissions" ("group_id", "permission_id");
CREATE INDEX IF NOT EXISTS "auth_group_permissions_group_id_b120cbf9" ON "auth_group_permissions" ("group_id");
CREATE INDEX IF NOT EXISTS "auth_group_permissions_permission_id_84c5c92e" ON "auth_group_permissions" ("permission_id");
CREATE UNIQUE INDEX "auth_user_groups_user_id_group_id_94350c0c_uniq" ON "auth_user_groups" ("user_id", "group_id");
CREATE INDEX IF NOT EXISTS "auth_user_groups_user_id_6a12ed8b" ON "auth_user_groups" ("user_id");
CREATE INDEX IF NOT EXISTS "auth_user_groups_group_id_97559544" ON "auth_user_groups" ("group_id");
CREATE UNIQUE INDEX "auth_user_user_permissions_user_id_permission_id_14a6b632_uniq" ON "auth_user_user_permissions" ("user_id", "permission_id");
CREATE INDEX IF NOT EXISTS "auth_user_user_permissions_user_id_a95ead1b" ON "auth_user_user_permissions" ("user_id");
CREATE INDEX IF NOT EXISTS "auth_user_user_permissions_permission_id_1fbb5f2c" ON "auth_user_user_permissions" ("permission_id");
CREATE INDEX IF NOT EXISTS "django_admin_log_content_type_id_c4bce8eb" ON "django_admin_log" ("content_type_id");
CREATE INDEX IF NOT EXISTS "django_admin_log_user_id_c564eba6" ON "django_admin_log" ("user_id");
CREATE UNIQUE INDEX "django_content_type_app_label_model_76bd3d3b_uniq" ON "django_content_type" ("app_label", "model");
CREATE UNIQUE INDEX "auth_permission_content_type_id_codename_01ab375a_uniq" ON "auth_permission" ("content_type_id", "codename");
CREATE INDEX IF NOT EXISTS "auth_permission_content_type_id_2f476e4b" ON "auth_permission" ("content_type_id");
CREATE INDEX IF NOT EXISTS "django_session_expire_date_a5c62663" ON "django_session" ("expire_date");
CREATE INDEX IF NOT EXISTS "app1_prescriptins_Doctor_id_id_40e36d9c" ON "app1_prescriptins" ("Doctor_id_id");
CREATE INDEX IF NOT EXISTS "app1_prescriptins_Patient_id_id_32dc9114" ON "app1_prescriptins" ("Patient_id_id");
CREATE INDEX IF NOT EXISTS "app1_diagnosis_Doctor_id_id_c804f6a8" ON "app1_diagnosis" ("Doctor_id_id");
CREATE INDEX IF NOT EXISTS "app1_diagnosis_Patient_id_id_f95da603" ON "app1_diagnosis" ("Patient_id_id");
CREATE INDEX IF NOT EXISTS "app1_booking_Doctor_id_id_2a5e2532" ON "app1_booking" ("Doctor_id_id");
CREATE INDEX IF NOT EXISTS "app1_booking_Patient_id_id_3073cd7d" ON "app1_booking" ("Patient_id_id");
CREATE INDEX IF NOT EXISTS "app1_appointment_Doctor_id_id_4309c0ba" ON "app1_appointment" ("Doctor_id_id");
CREATE INDEX IF NOT EXISTS "app1_appointment_Patient_id_id_0e4e6de6" ON "app1_appointment" ("Patient_id_id");
CREATE TABLE IF NOT EXISTS "app1_prescriptins" ("id" integer NOT NULL PRIMARY KEY AUTOINCREMENT, "Emailaddress" varchar(254) NOT NULL, "PatientGender" varchar(50) NOT NULL, "Prescriptins" text NOT NULL, "Doctor_id_id" varchar(5) NOT NULL REFERENCES "app1_doctor" ("Doctor_id") DEFERRABLE INITIALLY DEFERRED, "Patient_id_id" varchar(6) NOT NULL REFERENCES "app1_patient" ("Patient_id") DEFERRABLE INITIALLY DEFERRED);
INSERT INTO "app1_prescriptins" VALUES(2,'saisubham2701@gmail.com','Male','In the case of a high fever, or a low fever that''s causing discomfort, your doctor may recommend an over-the-counter medication, such as acetaminophen (Tylenol, others) or ibuprofen (Advil, Motrin IB, others)','ce7cf','35351');
INSERT INTO "app1_prescriptins" VALUES(3,'rajeshkarthikbobade@gmail.com','Male','Doctors prescribe different medications to treat type 1 and type 2 diabetes and help control your blood sugar.

 Treatment may vary depending on your diagnosis, health, …
Recall of extended-release metformin','af57b','35351');
INSERT INTO "app1_prescriptins" VALUES(4,'kumar.tusharpanda@gmail.com','Male','In the case of a high fever, or a low fever that''s causing discomfort, your doctor may recommend an over-the-counter medication, such as acetaminophen (Tylenol, others) or ibuprofen (Advil, Motrin IB, others)','ce7cf','803bb');
CREATE UNIQUE INDEX "auth_group_permissions_group_id_permission_id_0cd325b0_uniq" ON "auth_group_permissions" ("group_id", "permission_id");
CREATE INDEX IF NOT EXISTS "auth_group_permissions_group_id_b120cbf9" ON "auth_group_permissions" ("group_id");
CREATE INDEX IF NOT EXISTS "auth_group_permissions_permission_id_84c5c92e" ON "auth_group_permissions" ("permission_id");
CREATE UNIQUE INDEX "auth_user_groups_user_id_group_id_94350c0c_uniq" ON "auth_user_groups" ("user_id", "group_id");
CREATE INDEX IF NOT EXISTS "auth_user_groups_user_id_6a12ed8b" ON "auth_user_groups" ("user_id");
CREATE INDEX IF NOT EXISTS "auth_user_groups_group_id_97559544" ON "auth_user_groups" ("group_id");
CREATE UNIQUE INDEX "auth_user_user_permissions_user_id_permission_id_14a6b632_uniq" ON "auth_user_user_permissions" ("user_id", "permission_id");
CREATE INDEX IF NOT EXISTS "auth_user_user_permissions_user_id_a95ead1b" ON "auth_user_user_permissions" ("user_id");
CREATE INDEX IF NOT EXISTS "auth_user_user_permissions_permission_id_1fbb5f2c" ON "auth_user_user_permissions" ("permission_id");
CREATE INDEX IF NOT EXISTS "django_admin_log_content_type_id_c4bce8eb" ON "django_admin_log" ("content_type_id");
CREATE INDEX IF NOT EXISTS "django_admin_log_user_id_c564eba6" ON "django_admin_log" ("user_id");
CREATE UNIQUE INDEX "django_content_type_app_label_model_76bd3d3b_uniq" ON "django_content_type" ("app_label", "model");
CREATE UNIQUE INDEX "auth_permission_content_type_id_codename_01ab375a_uniq" ON "auth_permission" ("content_type_id", "codename");
CREATE INDEX IF NOT EXISTS "auth_permission_content_type_id_2f476e4b" ON "auth_permission" ("content_type_id");
CREATE INDEX IF NOT EXISTS "django_session_expire_date_a5c62663" ON "django_session" ("expire_date");
CREATE INDEX IF NOT EXISTS "app1_prescriptins_Doctor_id_id_40e36d9c" ON "app1_prescriptins" ("Doctor_id_id");
CREATE INDEX IF NOT EXISTS "app1_prescriptins_Patient_id_id_32dc9114" ON "app1_prescriptins" ("Patient_id_id");
CREATE INDEX IF NOT EXISTS "app1_diagnosis_Doctor_id_id_c804f6a8" ON "app1_diagnosis" ("Doctor_id_id");
CREATE INDEX IF NOT EXISTS "app1_diagnosis_Patient_id_id_f95da603" ON "app1_diagnosis" ("Patient_id_id");
CREATE INDEX IF NOT EXISTS "app1_booking_Doctor_id_id_2a5e2532" ON "app1_booking" ("Doctor_id_id");
CREATE INDEX IF NOT EXISTS "app1_booking_Patient_id_id_3073cd7d" ON "app1_booking" ("Patient_id_id");
CREATE INDEX IF NOT EXISTS "app1_appointment_Doctor_id_id_4309c0ba" ON "app1_appointment" ("Doctor_id_id");
CREATE INDEX IF NOT EXISTS "app1_appointment_Patient_id_id_0e4e6de6" ON "app1_appointment" ("Patient_id_id");
CREATE TABLE IF NOT EXISTS "app1_staff" ("id" integer NOT NULL PRIMARY KEY AUTOINCREMENT, "Profile_pic" varchar(100) NULL, "Gender" varchar(50) NOT NULL, "Address" varchar(40) NOT NULL, "Mobile" varchar(20) NULL, "Status" bool NOT NULL);
INSERT INTO "app1_staff" VALUES(1,'profile_pic/PatientProfilePic/Staff_ZTaO0Nk.png','Male','Bangalore Whitefield','09938564667',1);
CREATE UNIQUE INDEX "auth_group_permissions_group_id_permission_id_0cd325b0_uniq" ON "auth_group_permissions" ("group_id", "permission_id");
CREATE INDEX IF NOT EXISTS "auth_group_permissions_group_id_b120cbf9" ON "auth_group_permissions" ("group_id");
CREATE INDEX IF NOT EXISTS "auth_group_permissions_permission_id_84c5c92e" ON "auth_group_permissions" ("permission_id");
CREATE UNIQUE INDEX "auth_user_groups_user_id_group_id_94350c0c_uniq" ON "auth_user_groups" ("user_id", "group_id");
CREATE INDEX IF NOT EXISTS "auth_user_groups_user_id_6a12ed8b" ON "auth_user_groups" ("user_id");
CREATE INDEX IF NOT EXISTS "auth_user_groups_group_id_97559544" ON "auth_user_groups" ("group_id");
CREATE UNIQUE INDEX "auth_user_user_permissions_user_id_permission_id_14a6b632_uniq" ON "auth_user_user_permissions" ("user_id", "permission_id");
CREATE INDEX IF NOT EXISTS "auth_user_user_permissions_user_id_a95ead1b" ON "auth_user_user_permissions" ("user_id");
CREATE INDEX IF NOT EXISTS "auth_user_user_permissions_permission_id_1fbb5f2c" ON "auth_user_user_permissions" ("permission_id");
CREATE INDEX IF NOT EXISTS "django_admin_log_content_type_id_c4bce8eb" ON "django_admin_log" ("content_type_id");
CREATE INDEX IF NOT EXISTS "django_admin_log_user_id_c564eba6" ON "django_admin_log" ("user_id");
CREATE UNIQUE INDEX "django_content_type_app_label_model_76bd3d3b_uniq" ON "django_content_type" ("app_label", "model");
CREATE UNIQUE INDEX "auth_permission_content_type_id_codename_01ab375a_uniq" ON "auth_permission" ("content_type_id", "codename");
CREATE INDEX IF NOT EXISTS "auth_permission_content_type_id_2f476e4b" ON "auth_permission" ("content_type_id");
CREATE INDEX IF NOT EXISTS "django_session_expire_date_a5c62663" ON "django_session" ("expire_date");
CREATE INDEX IF NOT EXISTS "app1_prescriptins_Doctor_id_id_40e36d9c" ON "app1_prescriptins" ("Doctor_id_id");
CREATE INDEX IF NOT EXISTS "app1_prescriptins_Patient_id_id_32dc9114" ON "app1_prescriptins" ("Patient_id_id");
CREATE INDEX IF NOT EXISTS "app1_diagnosis_Doctor_id_id_c804f6a8" ON "app1_diagnosis" ("Doctor_id_id");
CREATE INDEX IF NOT EXISTS "app1_diagnosis_Patient_id_id_f95da603" ON "app1_diagnosis" ("Patient_id_id");
CREATE INDEX IF NOT EXISTS "app1_booking_Doctor_id_id_2a5e2532" ON "app1_booking" ("Doctor_id_id");
CREATE INDEX IF NOT EXISTS "app1_booking_Patient_id_id_3073cd7d" ON "app1_booking" ("Patient_id_id");
CREATE INDEX IF NOT EXISTS "app1_appointment_Doctor_id_id_4309c0ba" ON "app1_appointment" ("Doctor_id_id");
CREATE INDEX IF NOT EXISTS "app1_appointment_Patient_id_id_0e4e6de6" ON "app1_appointment" ("Patient_id_id");
CREATE TABLE IF NOT EXISTS "app1_user" ("id" integer NOT NULL PRIMARY KEY AUTOINCREMENT, "text" varchar(100) NOT NULL, "user_id" integer NOT NULL UNIQUE REFERENCES "auth_user" ("id") DEFERRABLE INITIALLY DEFERRED);
CREATE UNIQUE INDEX "auth_group_permissions_group_id_permission_id_0cd325b0_uniq" ON "auth_group_permissions" ("group_id", "permission_id");
CREATE INDEX IF NOT EXISTS "auth_group_permissions_group_id_b120cbf9" ON "auth_group_permissions" ("group_id");
CREATE INDEX IF NOT EXISTS "auth_group_permissions_permission_id_84c5c92e" ON "auth_group_permissions" ("permission_id");
CREATE UNIQUE INDEX "auth_user_groups_user_id_group_id_94350c0c_uniq" ON "auth_user_groups" ("user_id", "group_id");
CREATE INDEX IF NOT EXISTS "auth_user_groups_user_id_6a12ed8b" ON "auth_user_groups" ("user_id");
CREATE INDEX IF NOT EXISTS "auth_user_groups_group_id_97559544" ON "auth_user_groups" ("group_id");
CREATE UNIQUE INDEX "auth_user_user_permissions_user_id_permission_id_14a6b632_uniq" ON "auth_user_user_permissions" ("user_id", "permission_id");
CREATE INDEX IF NOT EXISTS "auth_user_user_permissions_user_id_a95ead1b" ON "auth_user_user_permissions" ("user_id");
CREATE INDEX IF NOT EXISTS "auth_user_user_permissions_permission_id_1fbb5f2c" ON "auth_user_user_permissions" ("permission_id");
CREATE INDEX IF NOT EXISTS "django_admin_log_content_type_id_c4bce8eb" ON "django_admin_log" ("content_type_id");
CREATE INDEX IF NOT EXISTS "django_admin_log_user_id_c564eba6" ON "django_admin_log" ("user_id");
CREATE UNIQUE INDEX "django_content_type_app_label_model_76bd3d3b_uniq" ON "django_content_type" ("app_label", "model");
CREATE UNIQUE INDEX "auth_permission_content_type_id_codename_01ab375a_uniq" ON "auth_permission" ("content_type_id", "codename");
CREATE INDEX IF NOT EXISTS "auth_permission_content_type_id_2f476e4b" ON "auth_permission" ("content_type_id");
CREATE INDEX IF NOT EXISTS "django_session_expire_date_a5c62663" ON "django_session" ("expire_date");
CREATE INDEX IF NOT EXISTS "app1_prescriptins_Doctor_id_id_40e36d9c" ON "app1_prescriptins" ("Doctor_id_id");
CREATE INDEX IF NOT EXISTS "app1_prescriptins_Patient_id_id_32dc9114" ON "app1_prescriptins" ("Patient_id_id");
CREATE INDEX IF NOT EXISTS "app1_diagnosis_Doctor_id_id_c804f6a8" ON "app1_diagnosis" ("Doctor_id_id");
CREATE INDEX IF NOT EXISTS "app1_diagnosis_Patient_id_id_f95da603" ON "app1_diagnosis" ("Patient_id_id");
CREATE INDEX IF NOT EXISTS "app1_booking_Doctor_id_id_2a5e2532" ON "app1_booking" ("Doctor_id_id");
CREATE INDEX IF NOT EXISTS "app1_booking_Patient_id_id_3073cd7d" ON "app1_booking" ("Patient_id_id");
CREATE INDEX IF NOT EXISTS "app1_appointment_Doctor_id_id_4309c0ba" ON "app1_appointment" ("Doctor_id_id");
CREATE INDEX IF NOT EXISTS "app1_appointment_Patient_id_id_0e4e6de6" ON "app1_appointment" ("Patient_id_id");
CREATE TABLE IF NOT EXISTS "auth_group" ("id" integer NOT NULL PRIMARY KEY AUTOINCREMENT, "name" varchar(150) NOT NULL UNIQUE);
CREATE UNIQUE INDEX "auth_group_permissions_group_id_permission_id_0cd325b0_uniq" ON "auth_group_permissions" ("group_id", "permission_id");
CREATE INDEX IF NOT EXISTS "auth_group_permissions_group_id_b120cbf9" ON "auth_group_permissions" ("group_id");
CREATE INDEX IF NOT EXISTS "auth_group_permissions_permission_id_84c5c92e" ON "auth_group_permissions" ("permission_id");
CREATE UNIQUE INDEX "auth_user_groups_user_id_group_id_94350c0c_uniq" ON "auth_user_groups" ("user_id", "group_id");
CREATE INDEX IF NOT EXISTS "auth_user_groups_user_id_6a12ed8b" ON "auth_user_groups" ("user_id");
CREATE INDEX IF NOT EXISTS "auth_user_groups_group_id_97559544" ON "auth_user_groups" ("group_id");
CREATE UNIQUE INDEX "auth_user_user_permissions_user_id_permission_id_14a6b632_uniq" ON "auth_user_user_permissions" ("user_id", "permission_id");
CREATE INDEX IF NOT EXISTS "auth_user_user_permissions_user_id_a95ead1b" ON "auth_user_user_permissions" ("user_id");
CREATE INDEX IF NOT EXISTS "auth_user_user_permissions_permission_id_1fbb5f2c" ON "auth_user_user_permissions" ("permission_id");
CREATE INDEX IF NOT EXISTS "django_admin_log_content_type_id_c4bce8eb" ON "django_admin_log" ("content_type_id");
CREATE INDEX IF NOT EXISTS "django_admin_log_user_id_c564eba6" ON "django_admin_log" ("user_id");
CREATE UNIQUE INDEX "django_content_type_app_label_model_76bd3d3b_uniq" ON "django_content_type" ("app_label", "model");
CREATE UNIQUE INDEX "auth_permission_content_type_id_codename_01ab375a_uniq" ON "auth_permission" ("content_type_id", "codename");
CREATE INDEX IF NOT EXISTS "auth_permission_content_type_id_2f476e4b" ON "auth_permission" ("content_type_id");
CREATE INDEX IF NOT EXISTS "django_session_expire_date_a5c62663" ON "django_session" ("expire_date");
CREATE INDEX IF NOT EXISTS "app1_prescriptins_Doctor_id_id_40e36d9c" ON "app1_prescriptins" ("Doctor_id_id");
CREATE INDEX IF NOT EXISTS "app1_prescriptins_Patient_id_id_32dc9114" ON "app1_prescriptins" ("Patient_id_id");
CREATE INDEX IF NOT EXISTS "app1_diagnosis_Doctor_id_id_c804f6a8" ON "app1_diagnosis" ("Doctor_id_id");
CREATE INDEX IF NOT EXISTS "app1_diagnosis_Patient_id_id_f95da603" ON "app1_diagnosis" ("Patient_id_id");
CREATE INDEX IF NOT EXISTS "app1_booking_Doctor_id_id_2a5e2532" ON "app1_booking" ("Doctor_id_id");
CREATE INDEX IF NOT EXISTS "app1_booking_Patient_id_id_3073cd7d" ON "app1_booking" ("Patient_id_id");
CREATE INDEX IF NOT EXISTS "app1_appointment_Doctor_id_id_4309c0ba" ON "app1_appointment" ("Doctor_id_id");
CREATE INDEX IF NOT EXISTS "app1_appointment_Patient_id_id_0e4e6de6" ON "app1_appointment" ("Patient_id_id");
CREATE TABLE IF NOT EXISTS "auth_group_permissions" ("id" integer NOT NULL PRIMARY KEY AUTOINCREMENT, "group_id" integer NOT NULL REFERENCES "auth_group" ("id") DEFERRABLE INITIALLY DEFERRED, "permission_id" integer NOT NULL REFERENCES "auth_permission" ("id") DEFERRABLE INITIALLY DEFERRED);
CREATE UNIQUE INDEX "auth_group_permissions_group_id_permission_id_0cd325b0_uniq" ON "auth_group_permissions" ("group_id", "permission_id");
CREATE INDEX IF NOT EXISTS "auth_group_permissions_group_id_b120cbf9" ON "auth_group_permissions" ("group_id");
CREATE INDEX IF NOT EXISTS "auth_group_permissions_permission_id_84c5c92e" ON "auth_group_permissions" ("permission_id");
CREATE UNIQUE INDEX "auth_user_groups_user_id_group_id_94350c0c_uniq" ON "auth_user_groups" ("user_id", "group_id");
CREATE INDEX IF NOT EXISTS "auth_user_groups_user_id_6a12ed8b" ON "auth_user_groups" ("user_id");
CREATE INDEX IF NOT EXISTS "auth_user_groups_group_id_97559544" ON "auth_user_groups" ("group_id");
CREATE UNIQUE INDEX "auth_user_user_permissions_user_id_permission_id_14a6b632_uniq" ON "auth_user_user_permissions" ("user_id", "permission_id");
CREATE INDEX IF NOT EXISTS "auth_user_user_permissions_user_id_a95ead1b" ON "auth_user_user_permissions" ("user_id");
CREATE INDEX IF NOT EXISTS "auth_user_user_permissions_permission_id_1fbb5f2c" ON "auth_user_user_permissions" ("permission_id");
CREATE INDEX IF NOT EXISTS "django_admin_log_content_type_id_c4bce8eb" ON "django_admin_log" ("content_type_id");
CREATE INDEX IF NOT EXISTS "django_admin_log_user_id_c564eba6" ON "django_admin_log" ("user_id");
CREATE UNIQUE INDEX "django_content_type_app_label_model_76bd3d3b_uniq" ON "django_content_type" ("app_label", "model");
CREATE UNIQUE INDEX "auth_permission_content_type_id_codename_01ab375a_uniq" ON "auth_permission" ("content_type_id", "codename");
CREATE INDEX IF NOT EXISTS "auth_permission_content_type_id_2f476e4b" ON "auth_permission" ("content_type_id");
CREATE INDEX IF NOT EXISTS "django_session_expire_date_a5c62663" ON "django_session" ("expire_date");
CREATE INDEX IF NOT EXISTS "app1_prescriptins_Doctor_id_id_40e36d9c" ON "app1_prescriptins" ("Doctor_id_id");
CREATE INDEX IF NOT EXISTS "app1_prescriptins_Patient_id_id_32dc9114" ON "app1_prescriptins" ("Patient_id_id");
CREATE INDEX IF NOT EXISTS "app1_diagnosis_Doctor_id_id_c804f6a8" ON "app1_diagnosis" ("Doctor_id_id");
CREATE INDEX IF NOT EXISTS "app1_diagnosis_Patient_id_id_f95da603" ON "app1_diagnosis" ("Patient_id_id");
CREATE INDEX IF NOT EXISTS "app1_booking_Doctor_id_id_2a5e2532" ON "app1_booking" ("Doctor_id_id");
CREATE INDEX IF NOT EXISTS "app1_booking_Patient_id_id_3073cd7d" ON "app1_booking" ("Patient_id_id");
CREATE INDEX IF NOT EXISTS "app1_appointment_Doctor_id_id_4309c0ba" ON "app1_appointment" ("Doctor_id_id");
CREATE INDEX IF NOT EXISTS "app1_appointment_Patient_id_id_0e4e6de6" ON "app1_appointment" ("Patient_id_id");
CREATE TABLE IF NOT EXISTS "auth_permission" ("id" integer NOT NULL PRIMARY KEY AUTOINCREMENT, "content_type_id" integer NOT NULL REFERENCES "django_content_type" ("id") DEFERRABLE INITIALLY DEFERRED, "codename" varchar(100) NOT NULL, "name" varchar(255) NOT NULL);
INSERT INTO "auth_permission" VALUES(1,1,'add_logentry','Can add log entry');
INSERT INTO "auth_permission" VALUES(2,1,'change_logentry','Can change log entry');
INSERT INTO "auth_permission" VALUES(3,1,'delete_logentry','Can delete log entry');
INSERT INTO "auth_permission" VALUES(4,1,'view_logentry','Can view log entry');
INSERT INTO "auth_permission" VALUES(5,2,'add_permission','Can add permission');
INSERT INTO "auth_permission" VALUES(6,2,'change_permission','Can change permission');
INSERT INTO "auth_permission" VALUES(7,2,'delete_permission','Can delete permission');
INSERT INTO "auth_permission" VALUES(8,2,'view_permission','Can view permission');
INSERT INTO "auth_permission" VALUES(9,3,'add_group','Can add group');
INSERT INTO "auth_permission" VALUES(10,3,'change_group','Can change group');
INSERT INTO "auth_permission" VALUES(11,3,'delete_group','Can delete group');
INSERT INTO "auth_permission" VALUES(12,3,'view_group','Can view group');
INSERT INTO "auth_permission" VALUES(13,4,'add_user','Can add user');
INSERT INTO "auth_permission" VALUES(14,4,'change_user','Can change user');
INSERT INTO "auth_permission" VALUES(15,4,'delete_user','Can delete user');
INSERT INTO "auth_permission" VALUES(16,4,'view_user','Can view user');
INSERT INTO "auth_permission" VALUES(17,5,'add_contenttype','Can add content type');
INSERT INTO "auth_permission" VALUES(18,5,'change_contenttype','Can change content type');
INSERT INTO "auth_permission" VALUES(19,5,'delete_contenttype','Can delete content type');
INSERT INTO "auth_permission" VALUES(20,5,'view_contenttype','Can view content type');
INSERT INTO "auth_permission" VALUES(21,6,'add_session','Can add session');
INSERT INTO "auth_permission" VALUES(22,6,'change_session','Can change session');
INSERT INTO "auth_permission" VALUES(23,6,'delete_session','Can delete session');
INSERT INTO "auth_permission" VALUES(24,6,'view_session','Can view session');
INSERT INTO "auth_permission" VALUES(25,7,'add_staff','Can add staff');
INSERT INTO "auth_permission" VALUES(26,7,'change_staff','Can change staff');
INSERT INTO "auth_permission" VALUES(27,7,'delete_staff','Can delete staff');
INSERT INTO "auth_permission" VALUES(28,7,'view_staff','Can view staff');
INSERT INTO "auth_permission" VALUES(29,8,'add_user','Can add user');
INSERT INTO "auth_permission" VALUES(30,8,'change_user','Can change user');
INSERT INTO "auth_permission" VALUES(31,8,'delete_user','Can delete user');
INSERT INTO "auth_permission" VALUES(32,8,'view_user','Can view user');
INSERT INTO "auth_permission" VALUES(33,9,'add_doctor','Can add doctor');
INSERT INTO "auth_permission" VALUES(34,9,'change_doctor','Can change doctor');
INSERT INTO "auth_permission" VALUES(35,9,'delete_doctor','Can delete doctor');
INSERT INTO "auth_permission" VALUES(36,9,'view_doctor','Can view doctor');
INSERT INTO "auth_permission" VALUES(37,10,'add_prescriptins','Can add prescriptins');
INSERT INTO "auth_permission" VALUES(38,10,'change_prescriptins','Can change prescriptins');
INSERT INTO "auth_permission" VALUES(39,10,'delete_prescriptins','Can delete prescriptins');
INSERT INTO "auth_permission" VALUES(40,10,'view_prescriptins','Can view prescriptins');
INSERT INTO "auth_permission" VALUES(41,11,'add_appointment','Can add appointment');
INSERT INTO "auth_permission" VALUES(42,11,'change_appointment','Can change appointment');
INSERT INTO "auth_permission" VALUES(43,11,'delete_appointment','Can delete appointment');
INSERT INTO "auth_permission" VALUES(44,11,'view_appointment','Can view appointment');
INSERT INTO "auth_permission" VALUES(45,12,'add_booking','Can add booking');
INSERT INTO "auth_permission" VALUES(46,12,'change_booking','Can change booking');
INSERT INTO "auth_permission" VALUES(47,12,'delete_booking','Can delete booking');
INSERT INTO "auth_permission" VALUES(48,12,'view_booking','Can view booking');
INSERT INTO "auth_permission" VALUES(49,13,'add_patient','Can add patient');
INSERT INTO "auth_permission" VALUES(50,13,'change_patient','Can change patient');
INSERT INTO "auth_permission" VALUES(51,13,'delete_patient','Can delete patient');
INSERT INTO "auth_permission" VALUES(52,13,'view_patient','Can view patient');
INSERT INTO "auth_permission" VALUES(53,14,'add_diagnosis','Can add diagnosis');
INSERT INTO "auth_permission" VALUES(54,14,'change_diagnosis','Can change diagnosis');
INSERT INTO "auth_permission" VALUES(55,14,'delete_diagnosis','Can delete diagnosis');
INSERT INTO "auth_permission" VALUES(56,14,'view_diagnosis','Can view diagnosis');
CREATE UNIQUE INDEX "auth_group_permissions_group_id_permission_id_0cd325b0_uniq" ON "auth_group_permissions" ("group_id", "permission_id");
CREATE INDEX IF NOT EXISTS "auth_group_permissions_group_id_b120cbf9" ON "auth_group_permissions" ("group_id");
CREATE INDEX IF NOT EXISTS "auth_group_permissions_permission_id_84c5c92e" ON "auth_group_permissions" ("permission_id");
CREATE UNIQUE INDEX "auth_user_groups_user_id_group_id_94350c0c_uniq" ON "auth_user_groups" ("user_id", "group_id");
CREATE INDEX IF NOT EXISTS "auth_user_groups_user_id_6a12ed8b" ON "auth_user_groups" ("user_id");
CREATE INDEX IF NOT EXISTS "auth_user_groups_group_id_97559544" ON "auth_user_groups" ("group_id");
CREATE UNIQUE INDEX "auth_user_user_permissions_user_id_permission_id_14a6b632_uniq" ON "auth_user_user_permissions" ("user_id", "permission_id");
CREATE INDEX IF NOT EXISTS "auth_user_user_permissions_user_id_a95ead1b" ON "auth_user_user_permissions" ("user_id");
CREATE INDEX IF NOT EXISTS "auth_user_user_permissions_permission_id_1fbb5f2c" ON "auth_user_user_permissions" ("permission_id");
CREATE INDEX IF NOT EXISTS "django_admin_log_content_type_id_c4bce8eb" ON "django_admin_log" ("content_type_id");
CREATE INDEX IF NOT EXISTS "django_admin_log_user_id_c564eba6" ON "django_admin_log" ("user_id");
CREATE UNIQUE INDEX "django_content_type_app_label_model_76bd3d3b_uniq" ON "django_content_type" ("app_label", "model");
CREATE UNIQUE INDEX "auth_permission_content_type_id_codename_01ab375a_uniq" ON "auth_permission" ("content_type_id", "codename");
CREATE INDEX IF NOT EXISTS "auth_permission_content_type_id_2f476e4b" ON "auth_permission" ("content_type_id");
CREATE INDEX IF NOT EXISTS "django_session_expire_date_a5c62663" ON "django_session" ("expire_date");
CREATE INDEX IF NOT EXISTS "app1_prescriptins_Doctor_id_id_40e36d9c" ON "app1_prescriptins" ("Doctor_id_id");
CREATE INDEX IF NOT EXISTS "app1_prescriptins_Patient_id_id_32dc9114" ON "app1_prescriptins" ("Patient_id_id");
CREATE INDEX IF NOT EXISTS "app1_diagnosis_Doctor_id_id_c804f6a8" ON "app1_diagnosis" ("Doctor_id_id");
CREATE INDEX IF NOT EXISTS "app1_diagnosis_Patient_id_id_f95da603" ON "app1_diagnosis" ("Patient_id_id");
CREATE INDEX IF NOT EXISTS "app1_booking_Doctor_id_id_2a5e2532" ON "app1_booking" ("Doctor_id_id");
CREATE INDEX IF NOT EXISTS "app1_booking_Patient_id_id_3073cd7d" ON "app1_booking" ("Patient_id_id");
CREATE INDEX IF NOT EXISTS "app1_appointment_Doctor_id_id_4309c0ba" ON "app1_appointment" ("Doctor_id_id");
CREATE INDEX IF NOT EXISTS "app1_appointment_Patient_id_id_0e4e6de6" ON "app1_appointment" ("Patient_id_id");
CREATE TABLE IF NOT EXISTS "auth_user" ("id" integer NOT NULL PRIMARY KEY AUTOINCREMENT, "password" varchar(128) NOT NULL, "last_login" datetime NULL, "is_superuser" bool NOT NULL, "username" varchar(150) NOT NULL UNIQUE, "last_name" varchar(150) NOT NULL, "email" varchar(254) NOT NULL, "is_staff" bool NOT NULL, "is_active" bool NOT NULL, "date_joined" datetime NOT NULL, "first_name" varchar(150) NOT NULL);
INSERT INTO "auth_user" VALUES(1,'pbkdf2_sha256$600000$xdhnF2PXkkHgBbvr2VeXjp$jdt/y+H4znFjXuAv/1lyB3ecEpT99FBUnW4qeaF1M50=','2023-11-07 12:00:00.342851',1,'host','','',1,1,'2023-11-05 06:17:17.589956','');
INSERT INTO "auth_user" VALUES(2,'pbkdf2_sha256$600000$hinnBkIYFMyemO2YggzO0e$UwSjuKEAzLVkkyl9ZbatdzDezv+N8XQFqHidoXHGHvo=','2023-11-08 04:47:24.752838',1,'hostt','','',1,1,'2023-11-05 06:18:23.926049','');
INSERT INTO "auth_user" VALUES(10,'pbkdf2_sha256$600000$Pusp1UT9V5FOccZYYtC3T5$5zYvAURgfbzH87Q9cZ5D3F1OO8mdCvV30mjtY2qDVaE=',NULL,0,'subhamdas','','sp3336705@gmail.com',0,1,'2023-11-05 13:10:03.476937','');
INSERT INTO "auth_user" VALUES(12,'pbkdf2_sha256$600000$3LOI4QcSPfuAmvPCuZL7AI$NRxuYHiyjYLE91ApYCrQYkDKGwT+cjNCIC8TC1/f2lc=',NULL,0,'saisubham','','abhishekojha55555@gmail.com',0,1,'2023-11-05 13:38:17.586784','');
INSERT INTO "auth_user" VALUES(14,'pbkdf2_sha256$600000$gt4QQ8PP1TNLgscAfV6SZf$Y1udEZgh9ynXXpuF+nOx+nnagSCfqXDmuymYtkjeIV8=',NULL,0,'saisubhamdas','','rajeshkarthikbobade@gmail.com',0,1,'2023-11-05 14:05:39.351638','');
INSERT INTO "auth_user" VALUES(23,'pbkdf2_sha256$600000$Pl8pe3qrZJY7QdzdiYy3AP$+XfQ2ogY6fVMELdOJCw6gMEPYKHzY424znMj7xJHCaQ=','2023-11-06 06:01:24.466948',0,'hostmanage','','kumar.tusharpanda@gmail.com',0,1,'2023-11-06 06:00:56.520727','');
INSERT INTO "auth_user" VALUES(27,'pbkdf2_sha256$600000$QX8mH9K0WFhAUK4lIf5FYd$j2zZfm3G9YxcTEAQP+EqsiaPiPMf78ooHzC0XpUVq7E=',NULL,0,'Ramesh_Das','','saisubham2701@gmail.com',0,1,'2023-11-08 05:14:26.911459','');
CREATE UNIQUE INDEX "auth_group_permissions_group_id_permission_id_0cd325b0_uniq" ON "auth_group_permissions" ("group_id", "permission_id");
CREATE INDEX IF NOT EXISTS "auth_group_permissions_group_id_b120cbf9" ON "auth_group_permissions" ("group_id");
CREATE INDEX IF NOT EXISTS "auth_group_permissions_permission_id_84c5c92e" ON "auth_group_permissions" ("permission_id");
CREATE UNIQUE INDEX "auth_user_groups_user_id_group_id_94350c0c_uniq" ON "auth_user_groups" ("user_id", "group_id");
CREATE INDEX IF NOT EXISTS "auth_user_groups_user_id_6a12ed8b" ON "auth_user_groups" ("user_id");
CREATE INDEX IF NOT EXISTS "auth_user_groups_group_id_97559544" ON "auth_user_groups" ("group_id");
CREATE UNIQUE INDEX "auth_user_user_permissions_user_id_permission_id_14a6b632_uniq" ON "auth_user_user_permissions" ("user_id", "permission_id");
CREATE INDEX IF NOT EXISTS "auth_user_user_permissions_user_id_a95ead1b" ON "auth_user_user_permissions" ("user_id");
CREATE INDEX IF NOT EXISTS "auth_user_user_permissions_permission_id_1fbb5f2c" ON "auth_user_user_permissions" ("permission_id");
CREATE INDEX IF NOT EXISTS "django_admin_log_content_type_id_c4bce8eb" ON "django_admin_log" ("content_type_id");
CREATE INDEX IF NOT EXISTS "django_admin_log_user_id_c564eba6" ON "django_admin_log" ("user_id");
CREATE UNIQUE INDEX "django_content_type_app_label_model_76bd3d3b_uniq" ON "django_content_type" ("app_label", "model");
CREATE UNIQUE INDEX "auth_permission_content_type_id_codename_01ab375a_uniq" ON "auth_permission" ("content_type_id", "codename");
CREATE INDEX IF NOT EXISTS "auth_permission_content_type_id_2f476e4b" ON "auth_permission" ("content_type_id");
CREATE INDEX IF NOT EXISTS "django_session_expire_date_a5c62663" ON "django_session" ("expire_date");
CREATE INDEX IF NOT EXISTS "app1_prescriptins_Doctor_id_id_40e36d9c" ON "app1_prescriptins" ("Doctor_id_id");
CREATE INDEX IF NOT EXISTS "app1_prescriptins_Patient_id_id_32dc9114" ON "app1_prescriptins" ("Patient_id_id");
CREATE INDEX IF NOT EXISTS "app1_diagnosis_Doctor_id_id_c804f6a8" ON "app1_diagnosis" ("Doctor_id_id");
CREATE INDEX IF NOT EXISTS "app1_diagnosis_Patient_id_id_f95da603" ON "app1_diagnosis" ("Patient_id_id");
CREATE INDEX IF NOT EXISTS "app1_booking_Doctor_id_id_2a5e2532" ON "app1_booking" ("Doctor_id_id");
CREATE INDEX IF NOT EXISTS "app1_booking_Patient_id_id_3073cd7d" ON "app1_booking" ("Patient_id_id");
CREATE INDEX IF NOT EXISTS "app1_appointment_Doctor_id_id_4309c0ba" ON "app1_appointment" ("Doctor_id_id");
CREATE INDEX IF NOT EXISTS "app1_appointment_Patient_id_id_0e4e6de6" ON "app1_appointment" ("Patient_id_id");
CREATE TABLE IF NOT EXISTS "auth_user_groups" ("id" integer NOT NULL PRIMARY KEY AUTOINCREMENT, "user_id" integer NOT NULL REFERENCES "auth_user" ("id") DEFERRABLE INITIALLY DEFERRED, "group_id" integer NOT NULL REFERENCES "auth_group" ("id") DEFERRABLE INITIALLY DEFERRED);
CREATE UNIQUE INDEX "auth_group_permissions_group_id_permission_id_0cd325b0_uniq" ON "auth_group_permissions" ("group_id", "permission_id");
CREATE INDEX IF NOT EXISTS "auth_group_permissions_group_id_b120cbf9" ON "auth_group_permissions" ("group_id");
CREATE INDEX IF NOT EXISTS "auth_group_permissions_permission_id_84c5c92e" ON "auth_group_permissions" ("permission_id");
CREATE UNIQUE INDEX "auth_user_groups_user_id_group_id_94350c0c_uniq" ON "auth_user_groups" ("user_id", "group_id");
CREATE INDEX IF NOT EXISTS "auth_user_groups_user_id_6a12ed8b" ON "auth_user_groups" ("user_id");
CREATE INDEX IF NOT EXISTS "auth_user_groups_group_id_97559544" ON "auth_user_groups" ("group_id");
CREATE UNIQUE INDEX "auth_user_user_permissions_user_id_permission_id_14a6b632_uniq" ON "auth_user_user_permissions" ("user_id", "permission_id");
CREATE INDEX IF NOT EXISTS "auth_user_user_permissions_user_id_a95ead1b" ON "auth_user_user_permissions" ("user_id");
CREATE INDEX IF NOT EXISTS "auth_user_user_permissions_permission_id_1fbb5f2c" ON "auth_user_user_permissions" ("permission_id");
CREATE INDEX IF NOT EXISTS "django_admin_log_content_type_id_c4bce8eb" ON "django_admin_log" ("content_type_id");
CREATE INDEX IF NOT EXISTS "django_admin_log_user_id_c564eba6" ON "django_admin_log" ("user_id");
CREATE UNIQUE INDEX "django_content_type_app_label_model_76bd3d3b_uniq" ON "django_content_type" ("app_label", "model");
CREATE UNIQUE INDEX "auth_permission_content_type_id_codename_01ab375a_uniq" ON "auth_permission" ("content_type_id", "codename");
CREATE INDEX IF NOT EXISTS "auth_permission_content_type_id_2f476e4b" ON "auth_permission" ("content_type_id");
CREATE INDEX IF NOT EXISTS "django_session_expire_date_a5c62663" ON "django_session" ("expire_date");
CREATE INDEX IF NOT EXISTS "app1_prescriptins_Doctor_id_id_40e36d9c" ON "app1_prescriptins" ("Doctor_id_id");
CREATE INDEX IF NOT EXISTS "app1_prescriptins_Patient_id_id_32dc9114" ON "app1_prescriptins" ("Patient_id_id");
CREATE INDEX IF NOT EXISTS "app1_diagnosis_Doctor_id_id_c804f6a8" ON "app1_diagnosis" ("Doctor_id_id");
CREATE INDEX IF NOT EXISTS "app1_diagnosis_Patient_id_id_f95da603" ON "app1_diagnosis" ("Patient_id_id");
CREATE INDEX IF NOT EXISTS "app1_booking_Doctor_id_id_2a5e2532" ON "app1_booking" ("Doctor_id_id");
CREATE INDEX IF NOT EXISTS "app1_booking_Patient_id_id_3073cd7d" ON "app1_booking" ("Patient_id_id");
CREATE INDEX IF NOT EXISTS "app1_appointment_Doctor_id_id_4309c0ba" ON "app1_appointment" ("Doctor_id_id");
CREATE INDEX IF NOT EXISTS "app1_appointment_Patient_id_id_0e4e6de6" ON "app1_appointment" ("Patient_id_id");
CREATE TABLE IF NOT EXISTS "auth_user_user_permissions" ("id" integer NOT NULL PRIMARY KEY AUTOINCREMENT, "user_id" integer NOT NULL REFERENCES "auth_user" ("id") DEFERRABLE INITIALLY DEFERRED, "permission_id" integer NOT NULL REFERENCES "auth_permission" ("id") DEFERRABLE INITIALLY DEFERRED);
CREATE UNIQUE INDEX "auth_group_permissions_group_id_permission_id_0cd325b0_uniq" ON "auth_group_permissions" ("group_id", "permission_id");
CREATE INDEX IF NOT EXISTS "auth_group_permissions_group_id_b120cbf9" ON "auth_group_permissions" ("group_id");
CREATE INDEX IF NOT EXISTS "auth_group_permissions_permission_id_84c5c92e" ON "auth_group_permissions" ("permission_id");
CREATE UNIQUE INDEX "auth_user_groups_user_id_group_id_94350c0c_uniq" ON "auth_user_groups" ("user_id", "group_id");
CREATE INDEX IF NOT EXISTS "auth_user_groups_user_id_6a12ed8b" ON "auth_user_groups" ("user_id");
CREATE INDEX IF NOT EXISTS "auth_user_groups_group_id_97559544" ON "auth_user_groups" ("group_id");
CREATE UNIQUE INDEX "auth_user_user_permissions_user_id_permission_id_14a6b632_uniq" ON "auth_user_user_permissions" ("user_id", "permission_id");
CREATE INDEX IF NOT EXISTS "auth_user_user_permissions_user_id_a95ead1b" ON "auth_user_user_permissions" ("user_id");
CREATE INDEX IF NOT EXISTS "auth_user_user_permissions_permission_id_1fbb5f2c" ON "auth_user_user_permissions" ("permission_id");
CREATE INDEX IF NOT EXISTS "django_admin_log_content_type_id_c4bce8eb" ON "django_admin_log" ("content_type_id");
CREATE INDEX IF NOT EXISTS "django_admin_log_user_id_c564eba6" ON "django_admin_log" ("user_id");
CREATE UNIQUE INDEX "django_content_type_app_label_model_76bd3d3b_uniq" ON "django_content_type" ("app_label", "model");
CREATE UNIQUE INDEX "auth_permission_content_type_id_codename_01ab375a_uniq" ON "auth_permission" ("content_type_id", "codename");
CREATE INDEX IF NOT EXISTS "auth_permission_content_type_id_2f476e4b" ON "auth_permission" ("content_type_id");
CREATE INDEX IF NOT EXISTS "django_session_expire_date_a5c62663" ON "django_session" ("expire_date");
CREATE INDEX IF NOT EXISTS "app1_prescriptins_Doctor_id_id_40e36d9c" ON "app1_prescriptins" ("Doctor_id_id");
CREATE INDEX IF NOT EXISTS "app1_prescriptins_Patient_id_id_32dc9114" ON "app1_prescriptins" ("Patient_id_id");
CREATE INDEX IF NOT EXISTS "app1_diagnosis_Doctor_id_id_c804f6a8" ON "app1_diagnosis" ("Doctor_id_id");
CREATE INDEX IF NOT EXISTS "app1_diagnosis_Patient_id_id_f95da603" ON "app1_diagnosis" ("Patient_id_id");
CREATE INDEX IF NOT EXISTS "app1_booking_Doctor_id_id_2a5e2532" ON "app1_booking" ("Doctor_id_id");
CREATE INDEX IF NOT EXISTS "app1_booking_Patient_id_id_3073cd7d" ON "app1_booking" ("Patient_id_id");
CREATE INDEX IF NOT EXISTS "app1_appointment_Doctor_id_id_4309c0ba" ON "app1_appointment" ("Doctor_id_id");
CREATE INDEX IF NOT EXISTS "app1_appointment_Patient_id_id_0e4e6de6" ON "app1_appointment" ("Patient_id_id");
CREATE TABLE IF NOT EXISTS "django_admin_log" ("id" integer NOT NULL PRIMARY KEY AUTOINCREMENT, "object_id" text NULL, "object_repr" varchar(200) NOT NULL, "action_flag" smallint unsigned NOT NULL CHECK ("action_flag" >= 0), "change_message" text NOT NULL, "content_type_id" integer NULL REFERENCES "django_content_type" ("id") DEFERRABLE INITIALLY DEFERRED, "user_id" integer NOT NULL REFERENCES "auth_user" ("id") DEFERRABLE INITIALLY DEFERRED, "action_time" datetime NOT NULL);
INSERT INTO "django_admin_log" VALUES(1,'5be11','5be11',1,'[{"added": {}}]',13,2,'2023-11-05 06:27:48.369625');
INSERT INTO "django_admin_log" VALUES(2,'3','subham12',3,'',4,2,'2023-11-05 06:33:37.082168');
INSERT INTO "django_admin_log" VALUES(3,'5','neww',3,'',4,2,'2023-11-05 12:45:38.210897');
INSERT INTO "django_admin_log" VALUES(4,'2','Appointment object (2)',3,'',11,2,'2023-11-05 13:02:12.568597');
INSERT INTO "django_admin_log" VALUES(5,'1','Appointment object (1)',3,'',11,2,'2023-11-05 13:02:12.568597');
INSERT INTO "django_admin_log" VALUES(6,'c08b9','c08b9',3,'',9,2,'2023-11-05 13:02:36.434713');
INSERT INTO "django_admin_log" VALUES(7,'78945','78945',3,'',9,2,'2023-11-05 13:02:36.465047');
INSERT INTO "django_admin_log" VALUES(8,'5c5a2','5c5a2',3,'',9,2,'2023-11-05 13:02:36.473067');
INSERT INTO "django_admin_log" VALUES(9,'d94d6','d94d6',3,'',13,2,'2023-11-05 13:02:57.202389');
INSERT INTO "django_admin_log" VALUES(10,'5be11','5be11',3,'',13,2,'2023-11-05 13:02:57.231046');
INSERT INTO "django_admin_log" VALUES(11,'56789','56789',3,'',13,2,'2023-11-05 13:02:57.240104');
INSERT INTO "django_admin_log" VALUES(12,'45623','45623',3,'',13,2,'2023-11-05 13:02:57.248098');
INSERT INTO "django_admin_log" VALUES(13,'0c3a7','0c3a7',3,'',13,2,'2023-11-05 13:02:57.248508');
INSERT INTO "django_admin_log" VALUES(14,'9','hospi',3,'',4,2,'2023-11-05 13:03:26.158137');
INSERT INTO "django_admin_log" VALUES(15,'4','saisubham@12',3,'',4,2,'2023-11-05 13:03:26.180119');
INSERT INTO "django_admin_log" VALUES(16,'7','santosh',3,'',4,2,'2023-11-05 13:03:26.180636');
INSERT INTO "django_admin_log" VALUES(17,'6','sub',3,'',4,2,'2023-11-05 13:03:26.196416');
INSERT INTO "django_admin_log" VALUES(18,'8','subampanda',3,'',4,2,'2023-11-05 13:03:26.199377');
INSERT INTO "django_admin_log" VALUES(19,'11','subham234',3,'',4,2,'2023-11-05 13:30:51.966853');
INSERT INTO "django_admin_log" VALUES(20,'1e03d','1e03d',3,'',9,2,'2023-11-05 13:31:00.376232');
INSERT INTO "django_admin_log" VALUES(21,'13','hostmanage',3,'',4,2,'2023-11-05 14:07:14.652216');
INSERT INTO "django_admin_log" VALUES(22,'e2513','e2513',3,'',9,2,'2023-11-05 14:07:52.861748');
INSERT INTO "django_admin_log" VALUES(23,'15','hostmanage',3,'',4,2,'2023-11-05 16:34:49.401867');
INSERT INTO "django_admin_log" VALUES(24,'9870','9870',3,'',13,2,'2023-11-05 16:41:55.012151');
INSERT INTO "django_admin_log" VALUES(25,'69878','69878',3,'',13,2,'2023-11-05 16:41:55.035523');
INSERT INTO "django_admin_log" VALUES(26,'16','hostmanage',3,'',4,2,'2023-11-05 16:42:07.311958');
INSERT INTO "django_admin_log" VALUES(27,'17','rakesh',3,'',4,2,'2023-11-05 16:44:02.817466');
INSERT INTO "django_admin_log" VALUES(28,'9870','9870',3,'',13,2,'2023-11-05 16:53:51.795487');
INSERT INTO "django_admin_log" VALUES(29,'18','hostmanage',3,'',4,2,'2023-11-05 16:57:48.419345');
INSERT INTO "django_admin_log" VALUES(30,'a939f','a939f',3,'',9,2,'2023-11-05 16:58:03.552028');
INSERT INTO "django_admin_log" VALUES(31,'7854','7854',3,'',13,2,'2023-11-06 01:17:04.324520');
INSERT INTO "django_admin_log" VALUES(32,'19','saisubham@21',3,'',4,2,'2023-11-06 01:18:02.601735');
INSERT INTO "django_admin_log" VALUES(33,'20','saisubham@21',3,'',4,2,'2023-11-06 01:19:28.925645');
INSERT INTO "django_admin_log" VALUES(34,'7854','7854',3,'',13,2,'2023-11-06 01:19:40.028850');
INSERT INTO "django_admin_log" VALUES(35,'21','saisubham@21',3,'',4,2,'2023-11-06 04:29:34.455492');
INSERT INTO "django_admin_log" VALUES(36,'7854','7854',3,'',13,2,'2023-11-06 04:29:48.110089');
INSERT INTO "django_admin_log" VALUES(37,'22','hostmanage',3,'',4,2,'2023-11-06 06:00:14.041147');
INSERT INTO "django_admin_log" VALUES(38,'305ea','305ea',3,'',9,2,'2023-11-06 06:00:24.553331');
INSERT INTO "django_admin_log" VALUES(39,'4561','4561',3,'',13,2,'2023-11-06 09:52:47.420923');
INSERT INTO "django_admin_log" VALUES(40,'24','saisubham@21',3,'',4,2,'2023-11-06 09:53:16.804292');
INSERT INTO "django_admin_log" VALUES(41,'25','saisubham_Das',3,'',4,2,'2023-11-07 11:33:45.303763');
INSERT INTO "django_admin_log" VALUES(42,'f5cb5','f5cb5',3,'',13,2,'2023-11-07 11:34:33.287412');
INSERT INTO "django_admin_log" VALUES(43,'26','saisubham_Das',3,'',4,2,'2023-11-08 04:47:51.434996');
INSERT INTO "django_admin_log" VALUES(44,'1ef1e','1ef1e',3,'',13,2,'2023-11-08 04:48:07.540922');
CREATE UNIQUE INDEX "auth_group_permissions_group_id_permission_id_0cd325b0_uniq" ON "auth_group_permissions" ("group_id", "permission_id");
CREATE INDEX IF NOT EXISTS "auth_group_permissions_group_id_b120cbf9" ON "auth_group_permissions" ("group_id");
CREATE INDEX IF NOT EXISTS "auth_group_permissions_permission_id_84c5c92e" ON "auth_group_permissions" ("permission_id");
CREATE UNIQUE INDEX "auth_user_groups_user_id_group_id_94350c0c_uniq" ON "auth_user_groups" ("user_id", "group_id");
CREATE INDEX IF NOT EXISTS "auth_user_groups_user_id_6a12ed8b" ON "auth_user_groups" ("user_id");
CREATE INDEX IF NOT EXISTS "auth_user_groups_group_id_97559544" ON "auth_user_groups" ("group_id");
CREATE UNIQUE INDEX "auth_user_user_permissions_user_id_permission_id_14a6b632_uniq" ON "auth_user_user_permissions" ("user_id", "permission_id");
CREATE INDEX IF NOT EXISTS "auth_user_user_permissions_user_id_a95ead1b" ON "auth_user_user_permissions" ("user_id");
CREATE INDEX IF NOT EXISTS "auth_user_user_permissions_permission_id_1fbb5f2c" ON "auth_user_user_permissions" ("permission_id");
CREATE INDEX IF NOT EXISTS "django_admin_log_content_type_id_c4bce8eb" ON "django_admin_log" ("content_type_id");
CREATE INDEX IF NOT EXISTS "django_admin_log_user_id_c564eba6" ON "django_admin_log" ("user_id");
CREATE UNIQUE INDEX "django_content_type_app_label_model_76bd3d3b_uniq" ON "django_content_type" ("app_label", "model");
CREATE UNIQUE INDEX "auth_permission_content_type_id_codename_01ab375a_uniq" ON "auth_permission" ("content_type_id", "codename");
CREATE INDEX IF NOT EXISTS "auth_permission_content_type_id_2f476e4b" ON "auth_permission" ("content_type_id");
CREATE INDEX IF NOT EXISTS "django_session_expire_date_a5c62663" ON "django_session" ("expire_date");
CREATE INDEX IF NOT EXISTS "app1_prescriptins_Doctor_id_id_40e36d9c" ON "app1_prescriptins" ("Doctor_id_id");
CREATE INDEX IF NOT EXISTS "app1_prescriptins_Patient_id_id_32dc9114" ON "app1_prescriptins" ("Patient_id_id");
CREATE INDEX IF NOT EXISTS "app1_diagnosis_Doctor_id_id_c804f6a8" ON "app1_diagnosis" ("Doctor_id_id");
CREATE INDEX IF NOT EXISTS "app1_diagnosis_Patient_id_id_f95da603" ON "app1_diagnosis" ("Patient_id_id");
CREATE INDEX IF NOT EXISTS "app1_booking_Doctor_id_id_2a5e2532" ON "app1_booking" ("Doctor_id_id");
CREATE INDEX IF NOT EXISTS "app1_booking_Patient_id_id_3073cd7d" ON "app1_booking" ("Patient_id_id");
CREATE INDEX IF NOT EXISTS "app1_appointment_Doctor_id_id_4309c0ba" ON "app1_appointment" ("Doctor_id_id");
CREATE INDEX IF NOT EXISTS "app1_appointment_Patient_id_id_0e4e6de6" ON "app1_appointment" ("Patient_id_id");
CREATE TABLE IF NOT EXISTS "django_content_type" ("id" integer NOT NULL PRIMARY KEY AUTOINCREMENT, "app_label" varchar(100) NOT NULL, "model" varchar(100) NOT NULL);
INSERT INTO "django_content_type" VALUES(1,'admin','logentry');
INSERT INTO "django_content_type" VALUES(2,'auth','permission');
INSERT INTO "django_content_type" VALUES(3,'auth','group');
INSERT INTO "django_content_type" VALUES(4,'auth','user');
INSERT INTO "django_content_type" VALUES(5,'contenttypes','contenttype');
INSERT INTO "django_content_type" VALUES(6,'sessions','session');
INSERT INTO "django_content_type" VALUES(7,'app1','staff');
INSERT INTO "django_content_type" VALUES(8,'app1','user');
INSERT INTO "django_content_type" VALUES(9,'app1','doctor');
INSERT INTO "django_content_type" VALUES(10,'app1','prescriptins');
INSERT INTO "django_content_type" VALUES(11,'app1','appointment');
INSERT INTO "django_content_type" VALUES(12,'app1','booking');
INSERT INTO "django_content_type" VALUES(13,'app1','patient');
INSERT INTO "django_content_type" VALUES(14,'app1','diagnosis');
CREATE UNIQUE INDEX "auth_group_permissions_group_id_permission_id_0cd325b0_uniq" ON "auth_group_permissions" ("group_id", "permission_id");
CREATE INDEX IF NOT EXISTS "auth_group_permissions_group_id_b120cbf9" ON "auth_group_permissions" ("group_id");
CREATE INDEX IF NOT EXISTS "auth_group_permissions_permission_id_84c5c92e" ON "auth_group_permissions" ("permission_id");
CREATE UNIQUE INDEX "auth_user_groups_user_id_group_id_94350c0c_uniq" ON "auth_user_groups" ("user_id", "group_id");
CREATE INDEX IF NOT EXISTS "auth_user_groups_user_id_6a12ed8b" ON "auth_user_groups" ("user_id");
CREATE INDEX IF NOT EXISTS "auth_user_groups_group_id_97559544" ON "auth_user_groups" ("group_id");
CREATE UNIQUE INDEX "auth_user_user_permissions_user_id_permission_id_14a6b632_uniq" ON "auth_user_user_permissions" ("user_id", "permission_id");
CREATE INDEX IF NOT EXISTS "auth_user_user_permissions_user_id_a95ead1b" ON "auth_user_user_permissions" ("user_id");
CREATE INDEX IF NOT EXISTS "auth_user_user_permissions_permission_id_1fbb5f2c" ON "auth_user_user_permissions" ("permission_id");
CREATE INDEX IF NOT EXISTS "django_admin_log_content_type_id_c4bce8eb" ON "django_admin_log" ("content_type_id");
CREATE INDEX IF NOT EXISTS "django_admin_log_user_id_c564eba6" ON "django_admin_log" ("user_id");
CREATE UNIQUE INDEX "django_content_type_app_label_model_76bd3d3b_uniq" ON "django_content_type" ("app_label", "model");
CREATE UNIQUE INDEX "auth_permission_content_type_id_codename_01ab375a_uniq" ON "auth_permission" ("content_type_id", "codename");
CREATE INDEX IF NOT EXISTS "auth_permission_content_type_id_2f476e4b" ON "auth_permission" ("content_type_id");
CREATE INDEX IF NOT EXISTS "django_session_expire_date_a5c62663" ON "django_session" ("expire_date");
CREATE INDEX IF NOT EXISTS "app1_prescriptins_Doctor_id_id_40e36d9c" ON "app1_prescriptins" ("Doctor_id_id");
CREATE INDEX IF NOT EXISTS "app1_prescriptins_Patient_id_id_32dc9114" ON "app1_prescriptins" ("Patient_id_id");
CREATE INDEX IF NOT EXISTS "app1_diagnosis_Doctor_id_id_c804f6a8" ON "app1_diagnosis" ("Doctor_id_id");
CREATE INDEX IF NOT EXISTS "app1_diagnosis_Patient_id_id_f95da603" ON "app1_diagnosis" ("Patient_id_id");
CREATE INDEX IF NOT EXISTS "app1_booking_Doctor_id_id_2a5e2532" ON "app1_booking" ("Doctor_id_id");
CREATE INDEX IF NOT EXISTS "app1_booking_Patient_id_id_3073cd7d" ON "app1_booking" ("Patient_id_id");
CREATE INDEX IF NOT EXISTS "app1_appointment_Doctor_id_id_4309c0ba" ON "app1_appointment" ("Doctor_id_id");
CREATE INDEX IF NOT EXISTS "app1_appointment_Patient_id_id_0e4e6de6" ON "app1_appointment" ("Patient_id_id");
CREATE TABLE IF NOT EXISTS "django_migrations" ("id" integer NOT NULL PRIMARY KEY AUTOINCREMENT, "app" varchar(255) NOT NULL, "name" varchar(255) NOT NULL, "applied" datetime NOT NULL);
INSERT INTO "django_migrations" VALUES(1,'contenttypes','0001_initial','2023-11-05 06:16:33.369723');
INSERT INTO "django_migrations" VALUES(2,'auth','0001_initial','2023-11-05 06:16:33.385778');
INSERT INTO "django_migrations" VALUES(3,'admin','0001_initial','2023-11-05 06:16:33.390502');
INSERT INTO "django_migrations" VALUES(4,'admin','0002_logentry_remove_auto_add','2023-11-05 06:16:33.403655');
INSERT INTO "django_migrations" VALUES(5,'admin','0003_logentry_add_action_flag_choices','2023-11-05 06:16:33.419272');
INSERT INTO "django_migrations" VALUES(6,'contenttypes','0002_remove_content_type_name','2023-11-05 06:16:33.419272');
INSERT INTO "django_migrations" VALUES(7,'auth','0002_alter_permission_name_max_length','2023-11-05 06:16:33.435368');
INSERT INTO "django_migrations" VALUES(8,'auth','0003_alter_user_email_max_length','2023-11-05 06:16:33.451076');
INSERT INTO "django_migrations" VALUES(9,'auth','0004_alter_user_username_opts','2023-11-05 06:16:33.457953');
INSERT INTO "django_migrations" VALUES(10,'auth','0005_alter_user_last_login_null','2023-11-05 06:16:33.463727');
INSERT INTO "django_migrations" VALUES(11,'auth','0006_require_contenttypes_0002','2023-11-05 06:16:33.463727');
INSERT INTO "django_migrations" VALUES(12,'auth','0007_alter_validators_add_error_messages','2023-11-05 06:16:33.479763');
INSERT INTO "django_migrations" VALUES(13,'auth','0008_alter_user_username_max_length','2023-11-05 06:16:33.479763');
INSERT INTO "django_migrations" VALUES(14,'auth','0009_alter_user_last_name_max_length','2023-11-05 06:16:33.495393');
INSERT INTO "django_migrations" VALUES(15,'auth','0010_alter_group_name_max_length','2023-11-05 06:16:33.511144');
INSERT INTO "django_migrations" VALUES(16,'auth','0011_update_proxy_permissions','2023-11-05 06:16:33.517588');
INSERT INTO "django_migrations" VALUES(17,'auth','0012_alter_user_first_name_max_length','2023-11-05 06:16:33.517588');
INSERT INTO "django_migrations" VALUES(18,'sessions','0001_initial','2023-11-05 06:16:33.527876');
INSERT INTO "django_migrations" VALUES(19,'app1','0001_initial','2023-11-05 06:16:51.714702');
CREATE UNIQUE INDEX "auth_group_permissions_group_id_permission_id_0cd325b0_uniq" ON "auth_group_permissions" ("group_id", "permission_id");
CREATE INDEX IF NOT EXISTS "auth_group_permissions_group_id_b120cbf9" ON "auth_group_permissions" ("group_id");
CREATE INDEX IF NOT EXISTS "auth_group_permissions_permission_id_84c5c92e" ON "auth_group_permissions" ("permission_id");
CREATE UNIQUE INDEX "auth_user_groups_user_id_group_id_94350c0c_uniq" ON "auth_user_groups" ("user_id", "group_id");
CREATE INDEX IF NOT EXISTS "auth_user_groups_user_id_6a12ed8b" ON "auth_user_groups" ("user_id");
CREATE INDEX IF NOT EXISTS "auth_user_groups_group_id_97559544" ON "auth_user_groups" ("group_id");
CREATE UNIQUE INDEX "auth_user_user_permissions_user_id_permission_id_14a6b632_uniq" ON "auth_user_user_permissions" ("user_id", "permission_id");
CREATE INDEX IF NOT EXISTS "auth_user_user_permissions_user_id_a95ead1b" ON "auth_user_user_permissions" ("user_id");
CREATE INDEX IF NOT EXISTS "auth_user_user_permissions_permission_id_1fbb5f2c" ON "auth_user_user_permissions" ("permission_id");
CREATE INDEX IF NOT EXISTS "django_admin_log_content_type_id_c4bce8eb" ON "django_admin_log" ("content_type_id");
CREATE INDEX IF NOT EXISTS "django_admin_log_user_id_c564eba6" ON "django_admin_log" ("user_id");
CREATE UNIQUE INDEX "django_content_type_app_label_model_76bd3d3b_uniq" ON "django_content_type" ("app_label", "model");
CREATE UNIQUE INDEX "auth_permission_content_type_id_codename_01ab375a_uniq" ON "auth_permission" ("content_type_id", "codename");
CREATE INDEX IF NOT EXISTS "auth_permission_content_type_id_2f476e4b" ON "auth_permission" ("content_type_id");
CREATE INDEX IF NOT EXISTS "django_session_expire_date_a5c62663" ON "django_session" ("expire_date");
CREATE INDEX IF NOT EXISTS "app1_prescriptins_Doctor_id_id_40e36d9c" ON "app1_prescriptins" ("Doctor_id_id");
CREATE INDEX IF NOT EXISTS "app1_prescriptins_Patient_id_id_32dc9114" ON "app1_prescriptins" ("Patient_id_id");
CREATE INDEX IF NOT EXISTS "app1_diagnosis_Doctor_id_id_c804f6a8" ON "app1_diagnosis" ("Doctor_id_id");
CREATE INDEX IF NOT EXISTS "app1_diagnosis_Patient_id_id_f95da603" ON "app1_diagnosis" ("Patient_id_id");
CREATE INDEX IF NOT EXISTS "app1_booking_Doctor_id_id_2a5e2532" ON "app1_booking" ("Doctor_id_id");
CREATE INDEX IF NOT EXISTS "app1_booking_Patient_id_id_3073cd7d" ON "app1_booking" ("Patient_id_id");
CREATE INDEX IF NOT EXISTS "app1_appointment_Doctor_id_id_4309c0ba" ON "app1_appointment" ("Doctor_id_id");
CREATE INDEX IF NOT EXISTS "app1_appointment_Patient_id_id_0e4e6de6" ON "app1_appointment" ("Patient_id_id");
CREATE TABLE IF NOT EXISTS "django_session" ("session_key" varchar(40) NOT NULL PRIMARY KEY, "session_data" text NOT NULL, "expire_date" datetime NOT NULL);
INSERT INTO "django_session" VALUES('zxkpotd1g3y2pplze7gonckyy5vmx2po','.eJxVjjsOwjAQRO_iGlnYG_8o6TlDtM5uMD9bip0KcXdiKQW082ae5i1GXFsa18rLeCNxElocfrOI04NzB3THfC1yKrkttyh7Re60ykshfp737p8gYU3b2kwKHGk3Oz8b461lT0h-Vh5YE6AebAgDHCk6zz5aCKgUgAsDMhvsr7ou44s3Wyq1NfH5AixnPeE:1qzaCT:8xwgiA5Wv6krwR67pey_-0QDqMkj94mpYDF6VdAaHAw','2023-11-19 10:17:49.588798');
INSERT INTO "django_session" VALUES('y2248ee6e6iogqbo1vl69a6a7vv3tych','.eJxVjjsOwjAQRO_iGlnYG_8o6TlDtM5uMD9bip0KcXdiKQW082ae5i1GXFsa18rLeCNxElocfrOI04NzB3THfC1yKrkttyh7Re60ykshfp737p8gYU3b2kwKHGk3Oz8b461lT0h-Vh5YE6AebAgDHCk6zz5aCKgUgAsDMhvsr7ou44s3Wyq1NfH5AixnPeE:1qzvm9:p5WxF-x__I-i9ghEtgUVisMD9TyutIdnMrd4LTExjAg','2023-11-20 09:20:05.693053');
CREATE UNIQUE INDEX "auth_group_permissions_group_id_permission_id_0cd325b0_uniq" ON "auth_group_permissions" ("group_id", "permission_id");
CREATE INDEX IF NOT EXISTS "auth_group_permissions_group_id_b120cbf9" ON "auth_group_permissions" ("group_id");
CREATE INDEX IF NOT EXISTS "auth_group_permissions_permission_id_84c5c92e" ON "auth_group_permissions" ("permission_id");
CREATE UNIQUE INDEX "auth_user_groups_user_id_group_id_94350c0c_uniq" ON "auth_user_groups" ("user_id", "group_id");
CREATE INDEX IF NOT EXISTS "auth_user_groups_user_id_6a12ed8b" ON "auth_user_groups" ("user_id");
CREATE INDEX IF NOT EXISTS "auth_user_groups_group_id_97559544" ON "auth_user_groups" ("group_id");
CREATE UNIQUE INDEX "auth_user_user_permissions_user_id_permission_id_14a6b632_uniq" ON "auth_user_user_permissions" ("user_id", "permission_id");
CREATE INDEX IF NOT EXISTS "auth_user_user_permissions_user_id_a95ead1b" ON "auth_user_user_permissions" ("user_id");
CREATE INDEX IF NOT EXISTS "auth_user_user_permissions_permission_id_1fbb5f2c" ON "auth_user_user_permissions" ("permission_id");
CREATE INDEX IF NOT EXISTS "django_admin_log_content_type_id_c4bce8eb" ON "django_admin_log" ("content_type_id");
CREATE INDEX IF NOT EXISTS "django_admin_log_user_id_c564eba6" ON "django_admin_log" ("user_id");
CREATE UNIQUE INDEX "django_content_type_app_label_model_76bd3d3b_uniq" ON "django_content_type" ("app_label", "model");
CREATE UNIQUE INDEX "auth_permission_content_type_id_codename_01ab375a_uniq" ON "auth_permission" ("content_type_id", "codename");
CREATE INDEX IF NOT EXISTS "auth_permission_content_type_id_2f476e4b" ON "auth_permission" ("content_type_id");
CREATE INDEX IF NOT EXISTS "django_session_expire_date_a5c62663" ON "django_session" ("expire_date");
CREATE INDEX IF NOT EXISTS "app1_prescriptins_Doctor_id_id_40e36d9c" ON "app1_prescriptins" ("Doctor_id_id");
CREATE INDEX IF NOT EXISTS "app1_prescriptins_Patient_id_id_32dc9114" ON "app1_prescriptins" ("Patient_id_id");
CREATE INDEX IF NOT EXISTS "app1_diagnosis_Doctor_id_id_c804f6a8" ON "app1_diagnosis" ("Doctor_id_id");
CREATE INDEX IF NOT EXISTS "app1_diagnosis_Patient_id_id_f95da603" ON "app1_diagnosis" ("Patient_id_id");
CREATE INDEX IF NOT EXISTS "app1_booking_Doctor_id_id_2a5e2532" ON "app1_booking" ("Doctor_id_id");
CREATE INDEX IF NOT EXISTS "app1_booking_Patient_id_id_3073cd7d" ON "app1_booking" ("Patient_id_id");
CREATE INDEX IF NOT EXISTS "app1_appointment_Doctor_id_id_4309c0ba" ON "app1_appointment" ("Doctor_id_id");
CREATE INDEX IF NOT EXISTS "app1_appointment_Patient_id_id_0e4e6de6" ON "app1_appointment" ("Patient_id_id");
CREATE TABLE IF NOT EXISTS sub (id INTEGER PRIMARY KEY, name TEXT);
CREATE UNIQUE INDEX "auth_group_permissions_group_id_permission_id_0cd325b0_uniq" ON "auth_group_permissions" ("group_id", "permission_id");
CREATE INDEX IF NOT EXISTS "auth_group_permissions_group_id_b120cbf9" ON "auth_group_permissions" ("group_id");
CREATE INDEX IF NOT EXISTS "auth_group_permissions_permission_id_84c5c92e" ON "auth_group_permissions" ("permission_id");
CREATE UNIQUE INDEX "auth_user_groups_user_id_group_id_94350c0c_uniq" ON "auth_user_groups" ("user_id", "group_id");
CREATE INDEX IF NOT EXISTS "auth_user_groups_user_id_6a12ed8b" ON "auth_user_groups" ("user_id");
CREATE INDEX IF NOT EXISTS "auth_user_groups_group_id_97559544" ON "auth_user_groups" ("group_id");
CREATE UNIQUE INDEX "auth_user_user_permissions_user_id_permission_id_14a6b632_uniq" ON "auth_user_user_permissions" ("user_id", "permission_id");
CREATE INDEX IF NOT EXISTS "auth_user_user_permissions_user_id_a95ead1b" ON "auth_user_user_permissions" ("user_id");
CREATE INDEX IF NOT EXISTS "auth_user_user_permissions_permission_id_1fbb5f2c" ON "auth_user_user_permissions" ("permission_id");
CREATE INDEX IF NOT EXISTS "django_admin_log_content_type_id_c4bce8eb" ON "django_admin_log" ("content_type_id");
CREATE INDEX IF NOT EXISTS "django_admin_log_user_id_c564eba6" ON "django_admin_log" ("user_id");
CREATE UNIQUE INDEX "django_content_type_app_label_model_76bd3d3b_uniq" ON "django_content_type" ("app_label", "model");
CREATE UNIQUE INDEX "auth_permission_content_type_id_codename_01ab375a_uniq" ON "auth_permission" ("content_type_id", "codename");
CREATE INDEX IF NOT EXISTS "auth_permission_content_type_id_2f476e4b" ON "auth_permission" ("content_type_id");
CREATE INDEX IF NOT EXISTS "django_session_expire_date_a5c62663" ON "django_session" ("expire_date");
CREATE INDEX IF NOT EXISTS "app1_prescriptins_Doctor_id_id_40e36d9c" ON "app1_prescriptins" ("Doctor_id_id");
CREATE INDEX IF NOT EXISTS "app1_prescriptins_Patient_id_id_32dc9114" ON "app1_prescriptins" ("Patient_id_id");
CREATE INDEX IF NOT EXISTS "app1_diagnosis_Doctor_id_id_c804f6a8" ON "app1_diagnosis" ("Doctor_id_id");
CREATE INDEX IF NOT EXISTS "app1_diagnosis_Patient_id_id_f95da603" ON "app1_diagnosis" ("Patient_id_id");
CREATE INDEX IF NOT EXISTS "app1_booking_Doctor_id_id_2a5e2532" ON "app1_booking" ("Doctor_id_id");
CREATE INDEX IF NOT EXISTS "app1_booking_Patient_id_id_3073cd7d" ON "app1_booking" ("Patient_id_id");
CREATE INDEX IF NOT EXISTS "app1_appointment_Doctor_id_id_4309c0ba" ON "app1_appointment" ("Doctor_id_id");
CREATE INDEX IF NOT EXISTS "app1_appointment_Patient_id_id_0e4e6de6" ON "app1_appointment" ("Patient_id_id");
